<?xml version="1.0" encoding="UTF-8"?><ImplementationGuide xmlns="http://hl7.org/fhir"><id value="org.fshschool.courses.fsh-seminar-exercise"/><text><status value="extensions"/><div xmlns="http://www.w3.org/1999/xhtml"><h2>FSHSeminarExercise</h2><p>The official URL for this implementation guide is: </p><pre>http://fshschool.org/courses-fsh-seminar-exercise/ImplementationGuide/org.fshschool.courses.fsh-seminar-exercise</pre></div></text><url value="http://fshschool.org/courses-fsh-seminar-exercise/ImplementationGuide/org.fshschool.courses.fsh-seminar-exercise"/><version value="0.1.0"/><name value="FSHSeminarExercise"/><status value="draft"/><date value="2022-05-18T11:07:24+00:00"/><publisher value="fshschool.org"/><contact><name value="fshschool.org"/><telecom><system value="url"/><value value="https://fshschool.org"/></telecom></contact><packageId value="org.fshschool.courses.fsh-seminar-exercise"/><license value="CC0-1.0"/><fhirVersion value="4.0.1"/><dependsOn id="hl7tx"><uri value="http://terminology.hl7.org/ImplementationGuide/hl7.terminology"/><packageId value="hl7.terminology.r4"/><version value="3.1.0"/></dependsOn><dependsOn id="hl7_fhir_us_core"><uri value="http://hl7.org/fhir/us/core/ImplementationGuide/hl7.fhir.us.core"/><packageId value="hl7.fhir.us.core"/><version value="3.2.0"/></dependsOn><definition><extension url="http://hl7.org/fhir/tools/StructureDefinition/ig-parameter"><extension url="code"><valueString value="copyrightyear"/></extension><extension url="value"><valueString value="2022+"/></extension></extension><extension url="http://hl7.org/fhir/tools/StructureDefinition/ig-parameter"><extension url="code"><valueString value="releaselabel"/></extension><extension url="value"><valueString value="ci-build"/></extension></extension><extension url="http://hl7.org/fhir/tools/StructureDefinition/ig-parameter"><extension url="code"><valueString value="path-liquid"/></extension><extension url="value"><valueString value="template/liquid"/></extension></extension><extension url="http://hl7.org/fhir/tools/StructureDefinition/ig-parameter"><extension url="code"><valueString value="path-liquid"/></extension><extension url="value"><valueString value="input/liquid"/></extension></extension><extension url="http://hl7.org/fhir/tools/StructureDefinition/ig-parameter"><extension url="code"><valueString value="path-qa"/></extension><extension url="value"><valueString value="temp/qa"/></extension></extension><extension url="http://hl7.org/fhir/tools/StructureDefinition/ig-parameter"><extension url="code"><valueString value="path-temp"/></extension><extension url="value"><valueString value="temp/pages"/></extension></extension><extension url="http://hl7.org/fhir/tools/StructureDefinition/ig-parameter"><extension url="code"><valueString value="path-output"/></extension><extension url="value"><valueString value="output"/></extension></extension><extension url="http://hl7.org/fhir/tools/StructureDefinition/ig-parameter"><extension url="code"><valueString value="path-suppressed-warnings"/></extension><extension url="value"><valueString value="input/ignoreWarnings.txt"/></extension></extension><extension url="http://hl7.org/fhir/tools/StructureDefinition/ig-parameter"><extension url="code"><valueString value="path-history"/></extension><extension url="value"><valueString value="http://fshschool.org/courses-fsh-seminar-exercise/history.html"/></extension></extension><extension url="http://hl7.org/fhir/tools/StructureDefinition/ig-parameter"><extension url="code"><valueString value="template-html"/></extension><extension url="value"><valueString value="template-page.html"/></extension></extension><extension url="http://hl7.org/fhir/tools/StructureDefinition/ig-parameter"><extension url="code"><valueString value="template-md"/></extension><extension url="value"><valueString value="template-page-md.html"/></extension></extension><extension url="http://hl7.org/fhir/tools/StructureDefinition/ig-parameter"><extension url="code"><valueString value="apply-contact"/></extension><extension url="value"><valueString value="true"/></extension></extension><extension url="http://hl7.org/fhir/tools/StructureDefinition/ig-parameter"><extension url="code"><valueString value="apply-context"/></extension><extension url="value"><valueString value="true"/></extension></extension><extension url="http://hl7.org/fhir/tools/StructureDefinition/ig-parameter"><extension url="code"><valueString value="apply-copyright"/></extension><extension url="value"><valueString value="true"/></extension></extension><extension url="http://hl7.org/fhir/tools/StructureDefinition/ig-parameter"><extension url="code"><valueString value="apply-jurisdiction"/></extension><extension url="value"><valueString value="true"/></extension></extension><extension url="http://hl7.org/fhir/tools/StructureDefinition/ig-parameter"><extension url="code"><valueString value="apply-license"/></extension><extension url="value"><valueString value="true"/></extension></extension><extension url="http://hl7.org/fhir/tools/StructureDefinition/ig-parameter"><extension url="code"><valueString value="apply-publisher"/></extension><extension url="value"><valueString value="true"/></extension></extension><extension url="http://hl7.org/fhir/tools/StructureDefinition/ig-parameter"><extension url="code"><valueString value="apply-version"/></extension><extension url="value"><valueString value="true"/></extension></extension><extension url="http://hl7.org/fhir/tools/StructureDefinition/ig-parameter"><extension url="code"><valueString value="active-tables"/></extension><extension url="value"><valueString value="true"/></extension></extension><extension url="http://hl7.org/fhir/tools/StructureDefinition/ig-parameter"><extension url="code"><valueString value="fmm-definition"/></extension><extension url="value"><valueString value="http://hl7.org/fhir/versions.html#maturity"/></extension></extension><extension url="http://hl7.org/fhir/tools/StructureDefinition/ig-parameter"><extension url="code"><valueString value="propagate-status"/></extension><extension url="value"><valueString value="true"/></extension></extension><extension url="http://hl7.org/fhir/tools/StructureDefinition/ig-parameter"><extension url="code"><valueString value="excludelogbinaryformat"/></extension><extension url="value"><valueString value="true"/></extension></extension><grouping id="-str-profile"><name value="Structures: Resource Profiles"/><description value="These define constraints on FHIR resources for systems conforming to this implementation guide"/></grouping><grouping id="-str-extension"><name value="Structures: Extension Definitions"/><description value="These define constraints on FHIR data types for systems conforming to this implementation guide"/></grouping><grouping id="-term-valueset"><name value="Terminology: Value Sets"/><description value="These define sets of codes used by systems conforming to this implementation guide"/></grouping><grouping id="-ex-example"><name value="Example: Example Instances"/><description value="These are example instances that show what data produced and consumed by systems conforming with this implementation guide might look like"/></grouping><resource><extension url="http://hl7.org/fhir/StructureDefinition/implementationguide-page"><valueUri value="StructureDefinition-OSABodyMassIndex.html"/></extension><reference><reference value="StructureDefinition/OSABodyMassIndex"/></reference><name value="OSABodyMassIndex"/><description value="Body mass index, or BMI, is a measure of body size. It combines a person's weight with their height."/><exampleBoolean value="false"/><groupingId value="-str-profile"/></resource><resource><extension url="http://hl7.org/fhir/StructureDefinition/implementationguide-page"><valueUri value="StructureDefinition-OSACondition.html"/></extension><reference><reference value="StructureDefinition/OSACondition"/></reference><name value="OSACondition"/><description value="Obstructive sleep apnea (OSA) is a condition in which breathing stops involuntarily for brief periods of time during sleep. [Source: Healthline](https://www.healthline.com/health/sleep/obstructive-sleep-apnea)"/><exampleBoolean value="false"/><groupingId value="-str-profile"/></resource><resource><extension url="http://hl7.org/fhir/StructureDefinition/implementationguide-page"><valueUri value="StructureDefinition-OSAPatient.html"/></extension><reference><reference value="StructureDefinition/OSAPatient"/></reference><name value="OSAPatient"/><description value="An example Patient profile"/><exampleBoolean value="false"/><groupingId value="-str-profile"/></resource><resource><extension url="http://hl7.org/fhir/StructureDefinition/implementationguide-page"><valueUri value="StructureDefinition-OSAPractitioner.html"/></extension><reference><reference value="StructureDefinition/OSAPractitioner"/></reference><name value="OSAPractitioner"/><description value="An example Practitioner profile"/><exampleBoolean value="false"/><groupingId value="-str-profile"/></resource><resource><extension url="http://hl7.org/fhir/StructureDefinition/implementationguide-page"><valueUri value="StructureDefinition-age-at-osa-diagnosis.html"/></extension><reference><reference value="StructureDefinition/age-at-osa-diagnosis"/></reference><name value="Age at the time of diagnosis"/><description value="The date (and time) when the OSA diagnosis was made. Note that this could be calculated from the diagnosis date and time and birth date."/><exampleBoolean value="false"/><groupingId value="-str-extension"/></resource><resource><extension url="http://hl7.org/fhir/StructureDefinition/implementationguide-page"><valueUri value="ValueSet-osa-vs.html"/></extension><reference><reference value="ValueSet/osa-vs"/></reference><name value="Obstructive Sleep Apnea Conditions"/><description value="Obstructive Sleep Apnea Conditions"/><exampleBoolean value="false"/><groupingId value="-term-valueset"/></resource><resource><extension url="http://hl7.org/fhir/StructureDefinition/implementationguide-page"><valueUri value="Observation-osa-bmi-example.html"/></extension><reference><reference value="Observation/osa-bmi-example"/></reference><name value="osa-bmi-example"/><description value="Example of OSA BMI value"/><exampleCanonical value="http://fshschool.org/courses-fsh-seminar-exercise/StructureDefinition/OSABodyMassIndex"/><groupingId value="-ex-example"/></resource><resource><extension url="http://hl7.org/fhir/StructureDefinition/implementationguide-page"><valueUri value="Patient-osa-patient-jane-doe.html"/></extension><reference><reference value="Patient/osa-patient-jane-doe"/></reference><name value="osa-patient-jane-doe"/><description value="Example OSA Patient."/><exampleCanonical value="http://fshschool.org/courses-fsh-seminar-exercise/StructureDefinition/OSAPatient"/><groupingId value="-ex-example"/></resource><resource><extension url="http://hl7.org/fhir/StructureDefinition/implementationguide-page"><valueUri value="Practitioner-osa-practitioner-kyle-anydoc.html"/></extension><reference><reference value="Practitioner/osa-practitioner-kyle-anydoc"/></reference><name value="osa-practitioner-kyle-anydoc"/><description value="Example of OSA Practitioner"/><exampleCanonical value="http://fshschool.org/courses-fsh-seminar-exercise/StructureDefinition/OSAPractitioner"/><groupingId value="-ex-example"/></resource><page><nameUrl value="toc.html"/><title value="Table of Contents"/><generation value="html"/><page><nameUrl value="index.html"/><title value="Home"/><generation value="markdown"/></page><page><nameUrl value="artifacts.html"/><title value="Artifacts Summary"/><generation value="html"/><page><nameUrl value="StructureDefinition-OSABodyMassIndex.html"/><title value="OSABodyMassIndex"/><generation value="generated"/></page><page><nameUrl value="StructureDefinition-OSACondition.html"/><title value="OSACondition"/><generation value="generated"/></page><page><nameUrl value="StructureDefinition-OSAPatient.html"/><title value="OSAPatient"/><generation value="generated"/></page><page><nameUrl value="StructureDefinition-OSAPractitioner.html"/><title value="OSAPractitioner"/><generation value="generated"/></page><page><nameUrl value="StructureDefinition-age-at-osa-diagnosis.html"/><title value="Age at the time of diagnosis"/><generation value="generated"/></page><page><nameUrl value="ValueSet-osa-vs.html"/><title value="Obstructive Sleep Apnea Conditions"/><generation value="generated"/></page><page><nameUrl value="Observation-osa-bmi-example.html"/><title value="osa-bmi-example"/><generation value="generated"/></page><page><nameUrl value="Patient-osa-patient-jane-doe.html"/><title value="osa-patient-jane-doe"/><generation value="generated"/></page><page><nameUrl value="Practitioner-osa-practitioner-kyle-anydoc.html"/><title value="osa-practitioner-kyle-anydoc"/><generation value="generated"/></page></page></page><parameter><code value="path-resource"/><value value="input/capabilities"/></parameter><parameter><code value="path-resource"/><value value="input/examples"/></parameter><parameter><code value="path-resource"/><value value="input/extensions"/></parameter><parameter><code value="path-resource"/><value value="input/models"/></parameter><parameter><code value="path-resource"/><value value="input/operations"/></parameter><parameter><code value="path-resource"/><value value="input/profiles"/></parameter><parameter><code value="path-resource"/><value value="input/resources"/></parameter><parameter><code value="path-resource"/><value value="input/vocabulary"/></parameter><parameter><code value="path-resource"/><value value="input/maps"/></parameter><parameter><code value="path-resource"/><value value="input/testing"/></parameter><parameter><code value="path-resource"/><value value="input/history"/></parameter><parameter><code value="path-resource"/><value value="fsh-generated/resources"/></parameter><parameter><code value="path-pages"/><value value="template/config"/></parameter><parameter><code value="path-pages"/><value value="input/images"/></parameter><parameter><code value="path-tx-cache"/><value value="input-cache/txcache"/></parameter></definition></ImplementationGuide>