<?xml version="1.0" encoding="UTF-8"?>

<Observation xmlns="http://hl7.org/fhir">
  <id value="osa-bmi-example"/>
  <meta>
    <profile value="http://fshschool.org/courses-fsh-seminar-exercise/StructureDefinition/OSABodyMassIndex"/>
  </meta>
  <text>
    <status value="generated"/><div xmlns="http://www.w3.org/1999/xhtml"><p><b>Generated Narrative</b></p><div style="display: inline-block; background-color: #d9e0e7; padding: 6px; margin: 4px; border: 1px solid #8da1b4; border-radius: 5px; line-height: 60%"><p style="margin-bottom: 0px">Resource "osa-bmi-example" </p><p style="margin-bottom: 0px">Profile: <a href="StructureDefinition-OSABodyMassIndex.html">OSABodyMassIndex</a></p></div><p><b>status</b>: final</p><p><b>category</b>: Vital Signs <span style="background: LightGoldenRodYellow; margin: 4px; border: 1px solid khaki"> (<a href="http://terminology.hl7.org/3.1.0/CodeSystem-observation-category.html">Observation Category Codes</a>#vital-signs)</span></p><p><b>code</b>: Body mass index (BMI) [Ratio] <span style="background: LightGoldenRodYellow; margin: 4px; border: 1px solid khaki"> (<a href="https://loinc.org/">LOINC</a>#39156-5)</span></p><p><b>subject</b>: <a href="Patient-osa-patient-jane-doe.html">Patient/osa-patient-jane-doe</a> " DOE"</p><p><b>effective</b>: 2021-09-28</p><p><b>performer</b>: <a href="Practitioner-osa-practitioner-kyle-anydoc.html">Practitioner/osa-practitioner-kyle-anydoc</a></p><p><b>value</b>: 32.5 kg/m2<span style="background: LightGoldenRodYellow"> (Details: UCUM code kg/m2 = 'kg/m2')</span></p></div>
  </text>
  <status value="final"/>
  <category>
    <coding>
      <system value="http://terminology.hl7.org/CodeSystem/observation-category"/>
      <code value="vital-signs"/>
    </coding>
  </category>
  <code>
    <coding>
      <system value="http://loinc.org"/>
      <code value="39156-5"/>
    </coding>
  </code>
  <subject>
    <reference value="Patient/osa-patient-jane-doe"/>
  </subject>
  <effectiveDateTime value="2021-09-28"/>
  <performer>
    <reference value="Practitioner/osa-practitioner-kyle-anydoc"/>
  </performer>
  <valueQuantity>
    <value value="32.5"/>
    <unit value="kg/m2"/>
    <system value="http://unitsofmeasure.org"/>
    <code value="kg/m2"/>
  </valueQuantity>
</Observation>