{
  "resourceType": "Practitioner",
  "id": "osa-practitioner-kyle-anydoc",
  "meta": {
    "profile": [
      "http://fshschool.org/courses-fsh-seminar-exercise/StructureDefinition/OSAPractitioner"
    ]
  },
  "text": {
    "status": "generated",
    "div": "<div xmlns=\"http://www.w3.org/1999/xhtml\"><p><b>Generated Narrative</b></p><div style=\"display: inline-block; background-color: #d9e0e7; padding: 6px; margin: 4px; border: 1px solid #8da1b4; border-radius: 5px; line-height: 60%\"><p style=\"margin-bottom: 0px\">Resource \"osa-practitioner-kyle-anydoc\" </p><p style=\"margin-bottom: 0px\">Profile: <a href=\"StructureDefinition-OSAPractitioner.html\">OSAPractitioner</a></p></div><p><b>identifier</b>: id: 9988776655</p><p><b>name</b>: Kyle Anydoc </p><p><b>address</b>: 567 Healthcare Drive Anytown MA 12345 US (HOME)</p><p><b>gender</b>: male</p><h3>Qualifications</h3><table class=\"grid\"><tr><td>-</td><td><b>Code</b></td></tr><tr><td>*</td><td>Doctor of Medicine <span style=\"background: LightGoldenRodYellow; margin: 4px; border: 1px solid khaki\"> (<a href=\"http://hl7.org/fhir/R4/v2/0360/2.7/index.html\">degreeLicenseCertificate[2.7]</a>#MD)</span></td></tr></table></div>"
  },
  "identifier": [
    {
      "system": "http://hl7.org/fhir/sid/us-npi",
      "value": "9988776655"
    }
  ],
  "name": [
    {
      "family": "Anydoc",
      "given": [
        "Kyle"
      ],
      "prefix": [
        "Dr."
      ]
    }
  ],
  "address": [
    {
      "use": "home",
      "line": [
        "567 Healthcare Drive"
      ],
      "city": "Anytown",
      "state": "MA",
      "postalCode": "12345",
      "country": "US"
    }
  ],
  "gender": "male",
  "qualification": [
    {
      "code": {
        "coding": [
          {
            "system": "http://terminology.hl7.org/CodeSystem/v2-0360",
            "version": "2.7",
            "code": "MD",
            "display": "Doctor of Medicine"
          }
        ]
      }
    }
  ]
}