{"resourceType":"ImplementationGuide","id":"org.fshschool.courses.fsh-seminar-exercise","text":{"status":"extensions","div":"<div xmlns=\"http://www.w3.org/1999/xhtml\"><h2>FSHSeminarExercise</h2><p>The official URL for this implementation guide is: </p><pre>http://fshschool.org/courses-fsh-seminar-exercise/ImplementationGuide/org.fshschool.courses.fsh-seminar-exercise</pre></div>"},"url":"http://fshschool.org/courses-fsh-seminar-exercise/ImplementationGuide/org.fshschool.courses.fsh-seminar-exercise","version":"0.1.0","name":"FSHSeminarExercise","status":"draft","date":"2022-05-18T11:07:24+00:00","publisher":"fshschool.org","contact":[{"name":"fshschool.org","telecom":[{"system":"url","value":"https://fshschool.org"}]}],"packageId":"org.fshschool.courses.fsh-seminar-exercise","license":"CC0-1.0","fhirVersion":["4.0.1"],"dependsOn":[{"id":"hl7tx","uri":"http://terminology.hl7.org/ImplementationGuide/hl7.terminology","packageId":"hl7.terminology.r4","version":"3.1.0"},{"id":"hl7_fhir_us_core","uri":"http://hl7.org/fhir/us/core/ImplementationGuide/hl7.fhir.us.core","packageId":"hl7.fhir.us.core","version":"3.2.0"}],"definition":{"extension":[{"extension":[{"url":"code","valueString":"copyrightyear"},{"url":"value","valueString":"2022+"}],"url":"http://hl7.org/fhir/tools/StructureDefinition/ig-parameter"},{"extension":[{"url":"code","valueString":"releaselabel"},{"url":"value","valueString":"ci-build"}],"url":"http://hl7.org/fhir/tools/StructureDefinition/ig-parameter"},{"extension":[{"url":"code","valueString":"path-liquid"},{"url":"value","valueString":"template/liquid"}],"url":"http://hl7.org/fhir/tools/StructureDefinition/ig-parameter"},{"extension":[{"url":"code","valueString":"path-liquid"},{"url":"value","valueString":"input/liquid"}],"url":"http://hl7.org/fhir/tools/StructureDefinition/ig-parameter"},{"extension":[{"url":"code","valueString":"path-qa"},{"url":"value","valueString":"temp/qa"}],"url":"http://hl7.org/fhir/tools/StructureDefinition/ig-parameter"},{"extension":[{"url":"code","valueString":"path-temp"},{"url":"value","valueString":"temp/pages"}],"url":"http://hl7.org/fhir/tools/StructureDefinition/ig-parameter"},{"extension":[{"url":"code","valueString":"path-output"},{"url":"value","valueString":"output"}],"url":"http://hl7.org/fhir/tools/StructureDefinition/ig-parameter"},{"extension":[{"url":"code","valueString":"path-suppressed-warnings"},{"url":"value","valueString":"input/ignoreWarnings.txt"}],"url":"http://hl7.org/fhir/tools/StructureDefinition/ig-parameter"},{"extension":[{"url":"code","valueString":"path-history"},{"url":"value","valueString":"http://fshschool.org/courses-fsh-seminar-exercise/history.html"}],"url":"http://hl7.org/fhir/tools/StructureDefinition/ig-parameter"},{"extension":[{"url":"code","valueString":"template-html"},{"url":"value","valueString":"template-page.html"}],"url":"http://hl7.org/fhir/tools/StructureDefinition/ig-parameter"},{"extension":[{"url":"code","valueString":"template-md"},{"url":"value","valueString":"template-page-md.html"}],"url":"http://hl7.org/fhir/tools/StructureDefinition/ig-parameter"},{"extension":[{"url":"code","valueString":"apply-contact"},{"url":"value","valueString":"true"}],"url":"http://hl7.org/fhir/tools/StructureDefinition/ig-parameter"},{"extension":[{"url":"code","valueString":"apply-context"},{"url":"value","valueString":"true"}],"url":"http://hl7.org/fhir/tools/StructureDefinition/ig-parameter"},{"extension":[{"url":"code","valueString":"apply-copyright"},{"url":"value","valueString":"true"}],"url":"http://hl7.org/fhir/tools/StructureDefinition/ig-parameter"},{"extension":[{"url":"code","valueString":"apply-jurisdiction"},{"url":"value","valueString":"true"}],"url":"http://hl7.org/fhir/tools/StructureDefinition/ig-parameter"},{"extension":[{"url":"code","valueString":"apply-license"},{"url":"value","valueString":"true"}],"url":"http://hl7.org/fhir/tools/StructureDefinition/ig-parameter"},{"extension":[{"url":"code","valueString":"apply-publisher"},{"url":"value","valueString":"true"}],"url":"http://hl7.org/fhir/tools/StructureDefinition/ig-parameter"},{"extension":[{"url":"code","valueString":"apply-version"},{"url":"value","valueString":"true"}],"url":"http://hl7.org/fhir/tools/StructureDefinition/ig-parameter"},{"extension":[{"url":"code","valueString":"active-tables"},{"url":"value","valueString":"true"}],"url":"http://hl7.org/fhir/tools/StructureDefinition/ig-parameter"},{"extension":[{"url":"code","valueString":"fmm-definition"},{"url":"value","valueString":"http://hl7.org/fhir/versions.html#maturity"}],"url":"http://hl7.org/fhir/tools/StructureDefinition/ig-parameter"},{"extension":[{"url":"code","valueString":"propagate-status"},{"url":"value","valueString":"true"}],"url":"http://hl7.org/fhir/tools/StructureDefinition/ig-parameter"},{"extension":[{"url":"code","valueString":"excludelogbinaryformat"},{"url":"value","valueString":"true"}],"url":"http://hl7.org/fhir/tools/StructureDefinition/ig-parameter"}],"grouping":[{"id":"-str-profile","name":"Structures: Resource Profiles","description":"These define constraints on FHIR resources for systems conforming to this implementation guide"},{"id":"-str-extension","name":"Structures: Extension Definitions","description":"These define constraints on FHIR data types for systems conforming to this implementation guide"},{"id":"-term-valueset","name":"Terminology: Value Sets","description":"These define sets of codes used by systems conforming to this implementation guide"},{"id":"-ex-example","name":"Example: Example Instances","description":"These are example instances that show what data produced and consumed by systems conforming with this implementation guide might look like"}],"resource":[{"extension":[{"url":"http://hl7.org/fhir/StructureDefinition/implementationguide-page","valueUri":"StructureDefinition-OSABodyMassIndex.html"}],"reference":{"reference":"StructureDefinition/OSABodyMassIndex"},"name":"OSABodyMassIndex","description":"Body mass index, or BMI, is a measure of body size. It combines a person's weight with their height.","exampleBoolean":false,"groupingId":"-str-profile"},{"extension":[{"url":"http://hl7.org/fhir/StructureDefinition/implementationguide-page","valueUri":"StructureDefinition-OSACondition.html"}],"reference":{"reference":"StructureDefinition/OSACondition"},"name":"OSACondition","description":"Obstructive sleep apnea (OSA) is a condition in which breathing stops involuntarily for brief periods of time during sleep. [Source: Healthline](https://www.healthline.com/health/sleep/obstructive-sleep-apnea)","exampleBoolean":false,"groupingId":"-str-profile"},{"extension":[{"url":"http://hl7.org/fhir/StructureDefinition/implementationguide-page","valueUri":"StructureDefinition-OSAPatient.html"}],"reference":{"reference":"StructureDefinition/OSAPatient"},"name":"OSAPatient","description":"An example Patient profile","exampleBoolean":false,"groupingId":"-str-profile"},{"extension":[{"url":"http://hl7.org/fhir/StructureDefinition/implementationguide-page","valueUri":"StructureDefinition-OSAPractitioner.html"}],"reference":{"reference":"StructureDefinition/OSAPractitioner"},"name":"OSAPractitioner","description":"An example Practitioner profile","exampleBoolean":false,"groupingId":"-str-profile"},{"extension":[{"url":"http://hl7.org/fhir/StructureDefinition/implementationguide-page","valueUri":"StructureDefinition-age-at-osa-diagnosis.html"}],"reference":{"reference":"StructureDefinition/age-at-osa-diagnosis"},"name":"Age at the time of diagnosis","description":"The date (and time) when the OSA diagnosis was made. Note that this could be calculated from the diagnosis date and time and birth date.","exampleBoolean":false,"groupingId":"-str-extension"},{"extension":[{"url":"http://hl7.org/fhir/StructureDefinition/implementationguide-page","valueUri":"ValueSet-osa-vs.html"}],"reference":{"reference":"ValueSet/osa-vs"},"name":"Obstructive Sleep Apnea Conditions","description":"Obstructive Sleep Apnea Conditions","exampleBoolean":false,"groupingId":"-term-valueset"},{"extension":[{"url":"http://hl7.org/fhir/StructureDefinition/implementationguide-page","valueUri":"Observation-osa-bmi-example.html"}],"reference":{"reference":"Observation/osa-bmi-example"},"name":"osa-bmi-example","description":"Example of OSA BMI value","exampleCanonical":"http://fshschool.org/courses-fsh-seminar-exercise/StructureDefinition/OSABodyMassIndex","groupingId":"-ex-example"},{"extension":[{"url":"http://hl7.org/fhir/StructureDefinition/implementationguide-page","valueUri":"Patient-osa-patient-jane-doe.html"}],"reference":{"reference":"Patient/osa-patient-jane-doe"},"name":"osa-patient-jane-doe","description":"Example OSA Patient.","exampleCanonical":"http://fshschool.org/courses-fsh-seminar-exercise/StructureDefinition/OSAPatient","groupingId":"-ex-example"},{"extension":[{"url":"http://hl7.org/fhir/StructureDefinition/implementationguide-page","valueUri":"Practitioner-osa-practitioner-kyle-anydoc.html"}],"reference":{"reference":"Practitioner/osa-practitioner-kyle-anydoc"},"name":"osa-practitioner-kyle-anydoc","description":"Example of OSA Practitioner","exampleCanonical":"http://fshschool.org/courses-fsh-seminar-exercise/StructureDefinition/OSAPractitioner","groupingId":"-ex-example"}],"page":{"nameUrl":"toc.html","title":"Table of Contents","generation":"html","page":[{"nameUrl":"index.html","title":"Home","generation":"markdown"},{"nameUrl":"artifacts.html","title":"Artifacts Summary","generation":"html","page":[{"nameUrl":"StructureDefinition-OSABodyMassIndex.html","title":"OSABodyMassIndex","generation":"generated"},{"nameUrl":"StructureDefinition-OSACondition.html","title":"OSACondition","generation":"generated"},{"nameUrl":"StructureDefinition-OSAPatient.html","title":"OSAPatient","generation":"generated"},{"nameUrl":"StructureDefinition-OSAPractitioner.html","title":"OSAPractitioner","generation":"generated"},{"nameUrl":"StructureDefinition-age-at-osa-diagnosis.html","title":"Age at the time of diagnosis","generation":"generated"},{"nameUrl":"ValueSet-osa-vs.html","title":"Obstructive Sleep Apnea Conditions","generation":"generated"},{"nameUrl":"Observation-osa-bmi-example.html","title":"osa-bmi-example","generation":"generated"},{"nameUrl":"Patient-osa-patient-jane-doe.html","title":"osa-patient-jane-doe","generation":"generated"},{"nameUrl":"Practitioner-osa-practitioner-kyle-anydoc.html","title":"osa-practitioner-kyle-anydoc","generation":"generated"}]}]},"parameter":[{"code":"path-resource","value":"input/capabilities"},{"code":"path-resource","value":"input/examples"},{"code":"path-resource","value":"input/extensions"},{"code":"path-resource","value":"input/models"},{"code":"path-resource","value":"input/operations"},{"code":"path-resource","value":"input/profiles"},{"code":"path-resource","value":"input/resources"},{"code":"path-resource","value":"input/vocabulary"},{"code":"path-resource","value":"input/maps"},{"code":"path-resource","value":"input/testing"},{"code":"path-resource","value":"input/history"},{"code":"path-resource","value":"fsh-generated/resources"},{"code":"path-pages","value":"template/config"},{"code":"path-pages","value":"input/images"},{"code":"path-tx-cache","value":"input-cache/txcache"}]}}